Date_key,Day_Number,Day_val,Month_val,Short_Month,Calendar_Month_Number,Calendar_Year,Fiscal_Month_Number,Fiscal_Year
01/01/2013,1,1,January,Jan,1,2013,3,2013
02/01/2013,2,2,January,Jan,1,2013,3,2013
03/01/2013,3,3,January,Jan,1,2013,3,2013
04/01/2013,4,4,January,Jan,1,2013,3,2013
05/01/2013,5,5,January,Jan,1,2013,3,2013
06/01/2013,6,6,January,Jan,1,2013,3,2013
07/01/2013,7,7,January,Jan,1,2013,3,2013
08/01/2013,8,8,January,Jan,1,2013,3,2013
09/01/2013,9,9,January,Jan,1,2013,3,2013
10/01/2013,10,10,January,Jan,1,2013,3,2013
11/01/2013,11,11,January,Jan,1,2013,3,2013
12/01/2013,12,12,January,Jan,1,2013,3,2013
13/01/2013,13,13,January,Jan,1,2013,3,2013
14/01/2013,14,14,January,Jan,1,2013,3,2013
15/01/2013,15,15,January,Jan,1,2013,3,2013
16/01/2013,16,16,January,Jan,1,2013,3,2013
17/01/2013,17,17,January,Jan,1,2013,3,2013
18/01/2013,18,18,January,Jan,1,2013,3,2013
19/01/2013,19,19,January,Jan,1,2013,3,2013
20/01/2013,20,20,January,Jan,1,2013,3,2013
21/01/2013,21,21,January,Jan,1,2013,3,2013
22/01/2013,22,22,January,Jan,1,2013,3,2013
23/01/2013,23,23,January,Jan,1,2013,3,2013
24/01/2013,24,24,January,Jan,1,2013,3,2013
25/01/2013,25,25,January,Jan,1,2013,3,2013
26/01/2013,26,26,January,Jan,1,2013,3,2013
27/01/2013,27,27,January,Jan,1,2013,3,2013
28/01/2013,28,28,January,Jan,1,2013,3,2013
29/01/2013,29,29,January,Jan,1,2013,3,2013
30/01/2013,30,30,January,Jan,1,2013,3,2013
31/01/2013,31,31,January,Jan,1,2013,3,2013
01/02/2013,1,1,February,Feb,2,2013,4,2013
02/02/2013,2,2,February,Feb,2,2013,4,2013
03/02/2013,3,3,February,Feb,2,2013,4,2013
04/02/2013,4,4,February,Feb,2,2013,4,2013
05/02/2013,5,5,February,Feb,2,2013,4,2013
06/02/2013,6,6,February,Feb,2,2013,4,2013
07/02/2013,7,7,February,Feb,2,2013,4,2013
08/02/2013,8,8,February,Feb,2,2013,4,2013
09/02/2013,9,9,February,Feb,2,2013,4,2013
10/02/2013,10,10,February,Feb,2,2013,4,2013
11/02/2013,11,11,February,Feb,2,2013,4,2013
12/02/2013,12,12,February,Feb,2,2013,4,2013
13/02/2013,13,13,February,Feb,2,2013,4,2013
14/02/2013,14,14,February,Feb,2,2013,4,2013
15/02/2013,15,15,February,Feb,2,2013,4,2013
16/02/2013,16,16,February,Feb,2,2013,4,2013
17/02/2013,17,17,February,Feb,2,2013,4,2013
18/02/2013,18,18,February,Feb,2,2013,4,2013
19/02/2013,19,19,February,Feb,2,2013,4,2013
20/02/2013,20,20,February,Feb,2,2013,4,2013
21/02/2013,21,21,February,Feb,2,2013,4,2013
22/02/2013,22,22,February,Feb,2,2013,4,2013
23/02/2013,23,23,February,Feb,2,2013,4,2013
24/02/2013,24,24,February,Feb,2,2013,4,2013
25/02/2013,25,25,February,Feb,2,2013,4,2013
26/02/2013,26,26,February,Feb,2,2013,4,2013
27/02/2013,27,27,February,Feb,2,2013,4,2013
28/02/2013,28,28,February,Feb,2,2013,4,2013
01/03/2013,1,1,March,Mar,3,2013,5,2013
02/03/2013,2,2,March,Mar,3,2013,5,2013
03/03/2013,3,3,March,Mar,3,2013,5,2013
04/03/2013,4,4,March,Mar,3,2013,5,2013
05/03/2013,5,5,March,Mar,3,2013,5,2013
06/03/2013,6,6,March,Mar,3,2013,5,2013
07/03/2013,7,7,March,Mar,3,2013,5,2013
08/03/2013,8,8,March,Mar,3,2013,5,2013
09/03/2013,9,9,March,Mar,3,2013,5,2013
10/03/2013,10,10,March,Mar,3,2013,5,2013
11/03/2013,11,11,March,Mar,3,2013,5,2013
12/03/2013,12,12,March,Mar,3,2013,5,2013
13/03/2013,13,13,March,Mar,3,2013,5,2013
14/03/2013,14,14,March,Mar,3,2013,5,2013
15/03/2013,15,15,March,Mar,3,2013,5,2013
16/03/2013,16,16,March,Mar,3,2013,5,2013
17/03/2013,17,17,March,Mar,3,2013,5,2013
18/03/2013,18,18,March,Mar,3,2013,5,2013
19/03/2013,19,19,March,Mar,3,2013,5,2013
20/03/2013,20,20,March,Mar,3,2013,5,2013
21/03/2013,21,21,March,Mar,3,2013,5,2013
22/03/2013,22,22,March,Mar,3,2013,5,2013
23/03/2013,23,23,March,Mar,3,2013,5,2013
24/03/2013,24,24,March,Mar,3,2013,5,2013
25/03/2013,25,25,March,Mar,3,2013,5,2013
26/03/2013,26,26,March,Mar,3,2013,5,2013
27/03/2013,27,27,March,Mar,3,2013,5,2013
28/03/2013,28,28,March,Mar,3,2013,5,2013
29/03/2013,29,29,March,Mar,3,2013,5,2013
30/03/2013,30,30,March,Mar,3,2013,5,2013
31/03/2013,31,31,March,Mar,3,2013,5,2013
01/04/2013,1,1,April,Apr,4,2013,6,2013
02/04/2013,2,2,April,Apr,4,2013,6,2013
03/04/2013,3,3,April,Apr,4,2013,6,2013
04/04/2013,4,4,April,Apr,4,2013,6,2013
05/04/2013,5,5,April,Apr,4,2013,6,2013
06/04/2013,6,6,April,Apr,4,2013,6,2013
07/04/2013,7,7,April,Apr,4,2013,6,2013
08/04/2013,8,8,April,Apr,4,2013,6,2013
09/04/2013,9,9,April,Apr,4,2013,6,2013
10/04/2013,10,10,April,Apr,4,2013,6,2013
11/04/2013,11,11,April,Apr,4,2013,6,2013
12/04/2013,12,12,April,Apr,4,2013,6,2013
13/04/2013,13,13,April,Apr,4,2013,6,2013
14/04/2013,14,14,April,Apr,4,2013,6,2013
15/04/2013,15,15,April,Apr,4,2013,6,2013
16/04/2013,16,16,April,Apr,4,2013,6,2013
17/04/2013,17,17,April,Apr,4,2013,6,2013
18/04/2013,18,18,April,Apr,4,2013,6,2013
19/04/2013,19,19,April,Apr,4,2013,6,2013
20/04/2013,20,20,April,Apr,4,2013,6,2013
21/04/2013,21,21,April,Apr,4,2013,6,2013
22/04/2013,22,22,April,Apr,4,2013,6,2013
23/04/2013,23,23,April,Apr,4,2013,6,2013
24/04/2013,24,24,April,Apr,4,2013,6,2013
25/04/2013,25,25,April,Apr,4,2013,6,2013
26/04/2013,26,26,April,Apr,4,2013,6,2013
27/04/2013,27,27,April,Apr,4,2013,6,2013
28/04/2013,28,28,April,Apr,4,2013,6,2013
29/04/2013,29,29,April,Apr,4,2013,6,2013
30/04/2013,30,30,April,Apr,4,2013,6,2013
01/05/2013,1,1,May,May,5,2013,7,2013
02/05/2013,2,2,May,May,5,2013,7,2013
03/05/2013,3,3,May,May,5,2013,7,2013
04/05/2013,4,4,May,May,5,2013,7,2013
05/05/2013,5,5,May,May,5,2013,7,2013
06/05/2013,6,6,May,May,5,2013,7,2013
07/05/2013,7,7,May,May,5,2013,7,2013
08/05/2013,8,8,May,May,5,2013,7,2013
09/05/2013,9,9,May,May,5,2013,7,2013
10/05/2013,10,10,May,May,5,2013,7,2013
11/05/2013,11,11,May,May,5,2013,7,2013
12/05/2013,12,12,May,May,5,2013,7,2013
13/05/2013,13,13,May,May,5,2013,7,2013
14/05/2013,14,14,May,May,5,2013,7,2013
15/05/2013,15,15,May,May,5,2013,7,2013
16/05/2013,16,16,May,May,5,2013,7,2013
17/05/2013,17,17,May,May,5,2013,7,2013
18/05/2013,18,18,May,May,5,2013,7,2013
19/05/2013,19,19,May,May,5,2013,7,2013
20/05/2013,20,20,May,May,5,2013,7,2013
21/05/2013,21,21,May,May,5,2013,7,2013
22/05/2013,22,22,May,May,5,2013,7,2013
23/05/2013,23,23,May,May,5,2013,7,2013
24/05/2013,24,24,May,May,5,2013,7,2013
25/05/2013,25,25,May,May,5,2013,7,2013
26/05/2013,26,26,May,May,5,2013,7,2013
27/05/2013,27,27,May,May,5,2013,7,2013
28/05/2013,28,28,May,May,5,2013,7,2013
29/05/2013,29,29,May,May,5,2013,7,2013
30/05/2013,30,30,May,May,5,2013,7,2013
31/05/2013,31,31,May,May,5,2013,7,2013
01/06/2013,1,1,June,Jun,6,2013,8,2013
02/06/2013,2,2,June,Jun,6,2013,8,2013
03/06/2013,3,3,June,Jun,6,2013,8,2013
04/06/2013,4,4,June,Jun,6,2013,8,2013
05/06/2013,5,5,June,Jun,6,2013,8,2013
06/06/2013,6,6,June,Jun,6,2013,8,2013
07/06/2013,7,7,June,Jun,6,2013,8,2013
08/06/2013,8,8,June,Jun,6,2013,8,2013
09/06/2013,9,9,June,Jun,6,2013,8,2013
10/06/2013,10,10,June,Jun,6,2013,8,2013
11/06/2013,11,11,June,Jun,6,2013,8,2013
12/06/2013,12,12,June,Jun,6,2013,8,2013
13/06/2013,13,13,June,Jun,6,2013,8,2013
14/06/2013,14,14,June,Jun,6,2013,8,2013
15/06/2013,15,15,June,Jun,6,2013,8,2013
16/06/2013,16,16,June,Jun,6,2013,8,2013
17/06/2013,17,17,June,Jun,6,2013,8,2013
18/06/2013,18,18,June,Jun,6,2013,8,2013
19/06/2013,19,19,June,Jun,6,2013,8,2013
20/06/2013,20,20,June,Jun,6,2013,8,2013
21/06/2013,21,21,June,Jun,6,2013,8,2013
22/06/2013,22,22,June,Jun,6,2013,8,2013
23/06/2013,23,23,June,Jun,6,2013,8,2013
24/06/2013,24,24,June,Jun,6,2013,8,2013
25/06/2013,25,25,June,Jun,6,2013,8,2013
26/06/2013,26,26,June,Jun,6,2013,8,2013
27/06/2013,27,27,June,Jun,6,2013,8,2013
28/06/2013,28,28,June,Jun,6,2013,8,2013
29/06/2013,29,29,June,Jun,6,2013,8,2013
30/06/2013,30,30,June,Jun,6,2013,8,2013
01/07/2013,1,1,July,Jul,7,2013,9,2013
02/07/2013,2,2,July,Jul,7,2013,9,2013
03/07/2013,3,3,July,Jul,7,2013,9,2013
04/07/2013,4,4,July,Jul,7,2013,9,2013
05/07/2013,5,5,July,Jul,7,2013,9,2013
06/07/2013,6,6,July,Jul,7,2013,9,2013
07/07/2013,7,7,July,Jul,7,2013,9,2013
08/07/2013,8,8,July,Jul,7,2013,9,2013
09/07/2013,9,9,July,Jul,7,2013,9,2013
10/07/2013,10,10,July,Jul,7,2013,9,2013
11/07/2013,11,11,July,Jul,7,2013,9,2013
12/07/2013,12,12,July,Jul,7,2013,9,2013
13/07/2013,13,13,July,Jul,7,2013,9,2013
14/07/2013,14,14,July,Jul,7,2013,9,2013
15/07/2013,15,15,July,Jul,7,2013,9,2013
16/07/2013,16,16,July,Jul,7,2013,9,2013
17/07/2013,17,17,July,Jul,7,2013,9,2013
18/07/2013,18,18,July,Jul,7,2013,9,2013
19/07/2013,19,19,July,Jul,7,2013,9,2013
20/07/2013,20,20,July,Jul,7,2013,9,2013
21/07/2013,21,21,July,Jul,7,2013,9,2013
22/07/2013,22,22,July,Jul,7,2013,9,2013
23/07/2013,23,23,July,Jul,7,2013,9,2013
24/07/2013,24,24,July,Jul,7,2013,9,2013
25/07/2013,25,25,July,Jul,7,2013,9,2013
26/07/2013,26,26,July,Jul,7,2013,9,2013
27/07/2013,27,27,July,Jul,7,2013,9,2013
28/07/2013,28,28,July,Jul,7,2013,9,2013
29/07/2013,29,29,July,Jul,7,2013,9,2013
30/07/2013,30,30,July,Jul,7,2013,9,2013
31/07/2013,31,31,July,Jul,7,2013,9,2013
01/08/2013,1,1,August,Aug,8,2013,10,2013
02/08/2013,2,2,August,Aug,8,2013,10,2013
03/08/2013,3,3,August,Aug,8,2013,10,2013
04/08/2013,4,4,August,Aug,8,2013,10,2013
05/08/2013,5,5,August,Aug,8,2013,10,2013
06/08/2013,6,6,August,Aug,8,2013,10,2013
07/08/2013,7,7,August,Aug,8,2013,10,2013
08/08/2013,8,8,August,Aug,8,2013,10,2013
09/08/2013,9,9,August,Aug,8,2013,10,2013
10/08/2013,10,10,August,Aug,8,2013,10,2013
11/08/2013,11,11,August,Aug,8,2013,10,2013
12/08/2013,12,12,August,Aug,8,2013,10,2013
13/08/2013,13,13,August,Aug,8,2013,10,2013
14/08/2013,14,14,August,Aug,8,2013,10,2013
15/08/2013,15,15,August,Aug,8,2013,10,2013
16/08/2013,16,16,August,Aug,8,2013,10,2013
17/08/2013,17,17,August,Aug,8,2013,10,2013
18/08/2013,18,18,August,Aug,8,2013,10,2013
19/08/2013,19,19,August,Aug,8,2013,10,2013
20/08/2013,20,20,August,Aug,8,2013,10,2013
21/08/2013,21,21,August,Aug,8,2013,10,2013
22/08/2013,22,22,August,Aug,8,2013,10,2013
23/08/2013,23,23,August,Aug,8,2013,10,2013
24/08/2013,24,24,August,Aug,8,2013,10,2013
25/08/2013,25,25,August,Aug,8,2013,10,2013
26/08/2013,26,26,August,Aug,8,2013,10,2013
27/08/2013,27,27,August,Aug,8,2013,10,2013
28/08/2013,28,28,August,Aug,8,2013,10,2013
29/08/2013,29,29,August,Aug,8,2013,10,2013
30/08/2013,30,30,August,Aug,8,2013,10,2013
31/08/2013,31,31,August,Aug,8,2013,10,2013
01/09/2013,1,1,September,Sep,9,2013,11,2013
02/09/2013,2,2,September,Sep,9,2013,11,2013
03/09/2013,3,3,September,Sep,9,2013,11,2013
04/09/2013,4,4,September,Sep,9,2013,11,2013
05/09/2013,5,5,September,Sep,9,2013,11,2013
06/09/2013,6,6,September,Sep,9,2013,11,2013
07/09/2013,7,7,September,Sep,9,2013,11,2013
08/09/2013,8,8,September,Sep,9,2013,11,2013
09/09/2013,9,9,September,Sep,9,2013,11,2013
10/09/2013,10,10,September,Sep,9,2013,11,2013
11/09/2013,11,11,September,Sep,9,2013,11,2013
12/09/2013,12,12,September,Sep,9,2013,11,2013
13/09/2013,13,13,September,Sep,9,2013,11,2013
14/09/2013,14,14,September,Sep,9,2013,11,2013
15/09/2013,15,15,September,Sep,9,2013,11,2013
16/09/2013,16,16,September,Sep,9,2013,11,2013
17/09/2013,17,17,September,Sep,9,2013,11,2013
18/09/2013,18,18,September,Sep,9,2013,11,2013
19/09/2013,19,19,September,Sep,9,2013,11,2013
20/09/2013,20,20,September,Sep,9,2013,11,2013
21/09/2013,21,21,September,Sep,9,2013,11,2013
22/09/2013,22,22,September,Sep,9,2013,11,2013
23/09/2013,23,23,September,Sep,9,2013,11,2013
24/09/2013,24,24,September,Sep,9,2013,11,2013
25/09/2013,25,25,September,Sep,9,2013,11,2013
26/09/2013,26,26,September,Sep,9,2013,11,2013
27/09/2013,27,27,September,Sep,9,2013,11,2013
28/09/2013,28,28,September,Sep,9,2013,11,2013
29/09/2013,29,29,September,Sep,9,2013,11,2013
30/09/2013,30,30,September,Sep,9,2013,11,2013
01/10/2013,1,1,October,Oct,10,2013,12,2013
02/10/2013,2,2,October,Oct,10,2013,12,2013
03/10/2013,3,3,October,Oct,10,2013,12,2013
04/10/2013,4,4,October,Oct,10,2013,12,2013
05/10/2013,5,5,October,Oct,10,2013,12,2013
06/10/2013,6,6,October,Oct,10,2013,12,2013
07/10/2013,7,7,October,Oct,10,2013,12,2013
08/10/2013,8,8,October,Oct,10,2013,12,2013
09/10/2013,9,9,October,Oct,10,2013,12,2013
10/10/2013,10,10,October,Oct,10,2013,12,2013
11/10/2013,11,11,October,Oct,10,2013,12,2013
12/10/2013,12,12,October,Oct,10,2013,12,2013
13/10/2013,13,13,October,Oct,10,2013,12,2013
14/10/2013,14,14,October,Oct,10,2013,12,2013
15/10/2013,15,15,October,Oct,10,2013,12,2013
16/10/2013,16,16,October,Oct,10,2013,12,2013
17/10/2013,17,17,October,Oct,10,2013,12,2013
18/10/2013,18,18,October,Oct,10,2013,12,2013
19/10/2013,19,19,October,Oct,10,2013,12,2013
20/10/2013,20,20,October,Oct,10,2013,12,2013
21/10/2013,21,21,October,Oct,10,2013,12,2013
22/10/2013,22,22,October,Oct,10,2013,12,2013
23/10/2013,23,23,October,Oct,10,2013,12,2013
24/10/2013,24,24,October,Oct,10,2013,12,2013
25/10/2013,25,25,October,Oct,10,2013,12,2013
26/10/2013,26,26,October,Oct,10,2013,12,2013
27/10/2013,27,27,October,Oct,10,2013,12,2013
28/10/2013,28,28,October,Oct,10,2013,12,2013
29/10/2013,29,29,October,Oct,10,2013,12,2013
30/10/2013,30,30,October,Oct,10,2013,12,2013
31/10/2013,31,31,October,Oct,10,2013,12,2013
01/11/2013,1,1,November,Nov,11,2013,1,2014
02/11/2013,2,2,November,Nov,11,2013,1,2014
03/11/2013,3,3,November,Nov,11,2013,1,2014
04/11/2013,4,4,November,Nov,11,2013,1,2014
05/11/2013,5,5,November,Nov,11,2013,1,2014
06/11/2013,6,6,November,Nov,11,2013,1,2014
07/11/2013,7,7,November,Nov,11,2013,1,2014
08/11/2013,8,8,November,Nov,11,2013,1,2014
09/11/2013,9,9,November,Nov,11,2013,1,2014
10/11/2013,10,10,November,Nov,11,2013,1,2014
11/11/2013,11,11,November,Nov,11,2013,1,2014
12/11/2013,12,12,November,Nov,11,2013,1,2014
13/11/2013,13,13,November,Nov,11,2013,1,2014
14/11/2013,14,14,November,Nov,11,2013,1,2014
15/11/2013,15,15,November,Nov,11,2013,1,2014
16/11/2013,16,16,November,Nov,11,2013,1,2014
17/11/2013,17,17,November,Nov,11,2013,1,2014
18/11/2013,18,18,November,Nov,11,2013,1,2014
19/11/2013,19,19,November,Nov,11,2013,1,2014
20/11/2013,20,20,November,Nov,11,2013,1,2014
21/11/2013,21,21,November,Nov,11,2013,1,2014
22/11/2013,22,22,November,Nov,11,2013,1,2014
23/11/2013,23,23,November,Nov,11,2013,1,2014
24/11/2013,24,24,November,Nov,11,2013,1,2014
25/11/2013,25,25,November,Nov,11,2013,1,2014
26/11/2013,26,26,November,Nov,11,2013,1,2014
27/11/2013,27,27,November,Nov,11,2013,1,2014
28/11/2013,28,28,November,Nov,11,2013,1,2014
29/11/2013,29,29,November,Nov,11,2013,1,2014
30/11/2013,30,30,November,Nov,11,2013,1,2014
01/12/2013,1,1,December,Dec,12,2013,2,2014
02/12/2013,2,2,December,Dec,12,2013,2,2014
03/12/2013,3,3,December,Dec,12,2013,2,2014
04/12/2013,4,4,December,Dec,12,2013,2,2014
05/12/2013,5,5,December,Dec,12,2013,2,2014
06/12/2013,6,6,December,Dec,12,2013,2,2014
07/12/2013,7,7,December,Dec,12,2013,2,2014
08/12/2013,8,8,December,Dec,12,2013,2,2014
09/12/2013,9,9,December,Dec,12,2013,2,2014
10/12/2013,10,10,December,Dec,12,2013,2,2014
11/12/2013,11,11,December,Dec,12,2013,2,2014
12/12/2013,12,12,December,Dec,12,2013,2,2014
13/12/2013,13,13,December,Dec,12,2013,2,2014
14/12/2013,14,14,December,Dec,12,2013,2,2014
15/12/2013,15,15,December,Dec,12,2013,2,2014
16/12/2013,16,16,December,Dec,12,2013,2,2014
17/12/2013,17,17,December,Dec,12,2013,2,2014
18/12/2013,18,18,December,Dec,12,2013,2,2014
19/12/2013,19,19,December,Dec,12,2013,2,2014
20/12/2013,20,20,December,Dec,12,2013,2,2014
21/12/2013,21,21,December,Dec,12,2013,2,2014
22/12/2013,22,22,December,Dec,12,2013,2,2014
23/12/2013,23,23,December,Dec,12,2013,2,2014
24/12/2013,24,24,December,Dec,12,2013,2,2014
25/12/2013,25,25,December,Dec,12,2013,2,2014
26/12/2013,26,26,December,Dec,12,2013,2,2014
27/12/2013,27,27,December,Dec,12,2013,2,2014
28/12/2013,28,28,December,Dec,12,2013,2,2014
29/12/2013,29,29,December,Dec,12,2013,2,2014
30/12/2013,30,30,December,Dec,12,2013,2,2014
31/12/2013,31,31,December,Dec,12,2013,2,2014
01/01/2014,1,1,January,Jan,1,2014,3,2014
02/01/2014,2,2,January,Jan,1,2014,3,2014
03/01/2014,3,3,January,Jan,1,2014,3,2014
04/01/2014,4,4,January,Jan,1,2014,3,2014
05/01/2014,5,5,January,Jan,1,2014,3,2014
06/01/2014,6,6,January,Jan,1,2014,3,2014
07/01/2014,7,7,January,Jan,1,2014,3,2014
08/01/2014,8,8,January,Jan,1,2014,3,2014
09/01/2014,9,9,January,Jan,1,2014,3,2014
10/01/2014,10,10,January,Jan,1,2014,3,2014
11/01/2014,11,11,January,Jan,1,2014,3,2014
12/01/2014,12,12,January,Jan,1,2014,3,2014
13/01/2014,13,13,January,Jan,1,2014,3,2014
14/01/2014,14,14,January,Jan,1,2014,3,2014
15/01/2014,15,15,January,Jan,1,2014,3,2014
16/01/2014,16,16,January,Jan,1,2014,3,2014
17/01/2014,17,17,January,Jan,1,2014,3,2014
18/01/2014,18,18,January,Jan,1,2014,3,2014
19/01/2014,19,19,January,Jan,1,2014,3,2014
20/01/2014,20,20,January,Jan,1,2014,3,2014
21/01/2014,21,21,January,Jan,1,2014,3,2014
22/01/2014,22,22,January,Jan,1,2014,3,2014
23/01/2014,23,23,January,Jan,1,2014,3,2014
24/01/2014,24,24,January,Jan,1,2014,3,2014
25/01/2014,25,25,January,Jan,1,2014,3,2014
26/01/2014,26,26,January,Jan,1,2014,3,2014
27/01/2014,27,27,January,Jan,1,2014,3,2014
28/01/2014,28,28,January,Jan,1,2014,3,2014
29/01/2014,29,29,January,Jan,1,2014,3,2014
30/01/2014,30,30,January,Jan,1,2014,3,2014
31/01/2014,31,31,January,Jan,1,2014,3,2014
01/02/2014,1,1,February,Feb,2,2014,4,2014
02/02/2014,2,2,February,Feb,2,2014,4,2014
03/02/2014,3,3,February,Feb,2,2014,4,2014
04/02/2014,4,4,February,Feb,2,2014,4,2014
05/02/2014,5,5,February,Feb,2,2014,4,2014
06/02/2014,6,6,February,Feb,2,2014,4,2014
07/02/2014,7,7,February,Feb,2,2014,4,2014
08/02/2014,8,8,February,Feb,2,2014,4,2014
09/02/2014,9,9,February,Feb,2,2014,4,2014
10/02/2014,10,10,February,Feb,2,2014,4,2014
11/02/2014,11,11,February,Feb,2,2014,4,2014
12/02/2014,12,12,February,Feb,2,2014,4,2014
13/02/2014,13,13,February,Feb,2,2014,4,2014
14/02/2014,14,14,February,Feb,2,2014,4,2014
15/02/2014,15,15,February,Feb,2,2014,4,2014
16/02/2014,16,16,February,Feb,2,2014,4,2014
17/02/2014,17,17,February,Feb,2,2014,4,2014
18/02/2014,18,18,February,Feb,2,2014,4,2014
19/02/2014,19,19,February,Feb,2,2014,4,2014
20/02/2014,20,20,February,Feb,2,2014,4,2014
21/02/2014,21,21,February,Feb,2,2014,4,2014
22/02/2014,22,22,February,Feb,2,2014,4,2014
23/02/2014,23,23,February,Feb,2,2014,4,2014
24/02/2014,24,24,February,Feb,2,2014,4,2014
25/02/2014,25,25,February,Feb,2,2014,4,2014
26/02/2014,26,26,February,Feb,2,2014,4,2014
27/02/2014,27,27,February,Feb,2,2014,4,2014
28/02/2014,28,28,February,Feb,2,2014,4,2014
01/03/2014,1,1,March,Mar,3,2014,5,2014
02/03/2014,2,2,March,Mar,3,2014,5,2014
03/03/2014,3,3,March,Mar,3,2014,5,2014
04/03/2014,4,4,March,Mar,3,2014,5,2014
05/03/2014,5,5,March,Mar,3,2014,5,2014
06/03/2014,6,6,March,Mar,3,2014,5,2014
07/03/2014,7,7,March,Mar,3,2014,5,2014
08/03/2014,8,8,March,Mar,3,2014,5,2014
09/03/2014,9,9,March,Mar,3,2014,5,2014
10/03/2014,10,10,March,Mar,3,2014,5,2014
11/03/2014,11,11,March,Mar,3,2014,5,2014
12/03/2014,12,12,March,Mar,3,2014,5,2014
13/03/2014,13,13,March,Mar,3,2014,5,2014
14/03/2014,14,14,March,Mar,3,2014,5,2014
15/03/2014,15,15,March,Mar,3,2014,5,2014
16/03/2014,16,16,March,Mar,3,2014,5,2014
17/03/2014,17,17,March,Mar,3,2014,5,2014
18/03/2014,18,18,March,Mar,3,2014,5,2014
19/03/2014,19,19,March,Mar,3,2014,5,2014
20/03/2014,20,20,March,Mar,3,2014,5,2014
21/03/2014,21,21,March,Mar,3,2014,5,2014
22/03/2014,22,22,March,Mar,3,2014,5,2014
23/03/2014,23,23,March,Mar,3,2014,5,2014
24/03/2014,24,24,March,Mar,3,2014,5,2014
25/03/2014,25,25,March,Mar,3,2014,5,2014
26/03/2014,26,26,March,Mar,3,2014,5,2014
27/03/2014,27,27,March,Mar,3,2014,5,2014
28/03/2014,28,28,March,Mar,3,2014,5,2014
29/03/2014,29,29,March,Mar,3,2014,5,2014
30/03/2014,30,30,March,Mar,3,2014,5,2014
31/03/2014,31,31,March,Mar,3,2014,5,2014
01/04/2014,1,1,April,Apr,4,2014,6,2014
02/04/2014,2,2,April,Apr,4,2014,6,2014
03/04/2014,3,3,April,Apr,4,2014,6,2014
04/04/2014,4,4,April,Apr,4,2014,6,2014
05/04/2014,5,5,April,Apr,4,2014,6,2014
06/04/2014,6,6,April,Apr,4,2014,6,2014
07/04/2014,7,7,April,Apr,4,2014,6,2014
08/04/2014,8,8,April,Apr,4,2014,6,2014
09/04/2014,9,9,April,Apr,4,2014,6,2014
10/04/2014,10,10,April,Apr,4,2014,6,2014
11/04/2014,11,11,April,Apr,4,2014,6,2014
12/04/2014,12,12,April,Apr,4,2014,6,2014
13/04/2014,13,13,April,Apr,4,2014,6,2014
14/04/2014,14,14,April,Apr,4,2014,6,2014
15/04/2014,15,15,April,Apr,4,2014,6,2014
16/04/2014,16,16,April,Apr,4,2014,6,2014
17/04/2014,17,17,April,Apr,4,2014,6,2014
18/04/2014,18,18,April,Apr,4,2014,6,2014
19/04/2014,19,19,April,Apr,4,2014,6,2014
20/04/2014,20,20,April,Apr,4,2014,6,2014
21/04/2014,21,21,April,Apr,4,2014,6,2014
22/04/2014,22,22,April,Apr,4,2014,6,2014
23/04/2014,23,23,April,Apr,4,2014,6,2014
24/04/2014,24,24,April,Apr,4,2014,6,2014
25/04/2014,25,25,April,Apr,4,2014,6,2014
26/04/2014,26,26,April,Apr,4,2014,6,2014
27/04/2014,27,27,April,Apr,4,2014,6,2014
28/04/2014,28,28,April,Apr,4,2014,6,2014
29/04/2014,29,29,April,Apr,4,2014,6,2014
30/04/2014,30,30,April,Apr,4,2014,6,2014
01/05/2014,1,1,May,May,5,2014,7,2014
02/05/2014,2,2,May,May,5,2014,7,2014
03/05/2014,3,3,May,May,5,2014,7,2014
04/05/2014,4,4,May,May,5,2014,7,2014
05/05/2014,5,5,May,May,5,2014,7,2014
06/05/2014,6,6,May,May,5,2014,7,2014
07/05/2014,7,7,May,May,5,2014,7,2014
08/05/2014,8,8,May,May,5,2014,7,2014
09/05/2014,9,9,May,May,5,2014,7,2014
10/05/2014,10,10,May,May,5,2014,7,2014
11/05/2014,11,11,May,May,5,2014,7,2014
12/05/2014,12,12,May,May,5,2014,7,2014
13/05/2014,13,13,May,May,5,2014,7,2014
14/05/2014,14,14,May,May,5,2014,7,2014
15/05/2014,15,15,May,May,5,2014,7,2014
16/05/2014,16,16,May,May,5,2014,7,2014
17/05/2014,17,17,May,May,5,2014,7,2014
18/05/2014,18,18,May,May,5,2014,7,2014
19/05/2014,19,19,May,May,5,2014,7,2014
20/05/2014,20,20,May,May,5,2014,7,2014
21/05/2014,21,21,May,May,5,2014,7,2014
22/05/2014,22,22,May,May,5,2014,7,2014
23/05/2014,23,23,May,May,5,2014,7,2014
24/05/2014,24,24,May,May,5,2014,7,2014
25/05/2014,25,25,May,May,5,2014,7,2014
26/05/2014,26,26,May,May,5,2014,7,2014
27/05/2014,27,27,May,May,5,2014,7,2014
28/05/2014,28,28,May,May,5,2014,7,2014
29/05/2014,29,29,May,May,5,2014,7,2014
30/05/2014,30,30,May,May,5,2014,7,2014
31/05/2014,31,31,May,May,5,2014,7,2014
01/06/2014,1,1,June,Jun,6,2014,8,2014
02/06/2014,2,2,June,Jun,6,2014,8,2014
03/06/2014,3,3,June,Jun,6,2014,8,2014
04/06/2014,4,4,June,Jun,6,2014,8,2014
05/06/2014,5,5,June,Jun,6,2014,8,2014
06/06/2014,6,6,June,Jun,6,2014,8,2014
07/06/2014,7,7,June,Jun,6,2014,8,2014
08/06/2014,8,8,June,Jun,6,2014,8,2014
09/06/2014,9,9,June,Jun,6,2014,8,2014
10/06/2014,10,10,June,Jun,6,2014,8,2014
11/06/2014,11,11,June,Jun,6,2014,8,2014
12/06/2014,12,12,June,Jun,6,2014,8,2014
13/06/2014,13,13,June,Jun,6,2014,8,2014
14/06/2014,14,14,June,Jun,6,2014,8,2014
15/06/2014,15,15,June,Jun,6,2014,8,2014
16/06/2014,16,16,June,Jun,6,2014,8,2014
17/06/2014,17,17,June,Jun,6,2014,8,2014
18/06/2014,18,18,June,Jun,6,2014,8,2014
19/06/2014,19,19,June,Jun,6,2014,8,2014
20/06/2014,20,20,June,Jun,6,2014,8,2014
21/06/2014,21,21,June,Jun,6,2014,8,2014
22/06/2014,22,22,June,Jun,6,2014,8,2014
23/06/2014,23,23,June,Jun,6,2014,8,2014
24/06/2014,24,24,June,Jun,6,2014,8,2014
25/06/2014,25,25,June,Jun,6,2014,8,2014
26/06/2014,26,26,June,Jun,6,2014,8,2014
27/06/2014,27,27,June,Jun,6,2014,8,2014
28/06/2014,28,28,June,Jun,6,2014,8,2014
29/06/2014,29,29,June,Jun,6,2014,8,2014
30/06/2014,30,30,June,Jun,6,2014,8,2014
01/07/2014,1,1,July,Jul,7,2014,9,2014
02/07/2014,2,2,July,Jul,7,2014,9,2014
03/07/2014,3,3,July,Jul,7,2014,9,2014
04/07/2014,4,4,July,Jul,7,2014,9,2014
05/07/2014,5,5,July,Jul,7,2014,9,2014
06/07/2014,6,6,July,Jul,7,2014,9,2014
07/07/2014,7,7,July,Jul,7,2014,9,2014
08/07/2014,8,8,July,Jul,7,2014,9,2014
09/07/2014,9,9,July,Jul,7,2014,9,2014
10/07/2014,10,10,July,Jul,7,2014,9,2014
11/07/2014,11,11,July,Jul,7,2014,9,2014
12/07/2014,12,12,July,Jul,7,2014,9,2014
13/07/2014,13,13,July,Jul,7,2014,9,2014
14/07/2014,14,14,July,Jul,7,2014,9,2014
15/07/2014,15,15,July,Jul,7,2014,9,2014
16/07/2014,16,16,July,Jul,7,2014,9,2014
17/07/2014,17,17,July,Jul,7,2014,9,2014
18/07/2014,18,18,July,Jul,7,2014,9,2014
19/07/2014,19,19,July,Jul,7,2014,9,2014
20/07/2014,20,20,July,Jul,7,2014,9,2014
21/07/2014,21,21,July,Jul,7,2014,9,2014
22/07/2014,22,22,July,Jul,7,2014,9,2014
23/07/2014,23,23,July,Jul,7,2014,9,2014
24/07/2014,24,24,July,Jul,7,2014,9,2014
25/07/2014,25,25,July,Jul,7,2014,9,2014
26/07/2014,26,26,July,Jul,7,2014,9,2014
27/07/2014,27,27,July,Jul,7,2014,9,2014
28/07/2014,28,28,July,Jul,7,2014,9,2014
29/07/2014,29,29,July,Jul,7,2014,9,2014
30/07/2014,30,30,July,Jul,7,2014,9,2014
31/07/2014,31,31,July,Jul,7,2014,9,2014
01/08/2014,1,1,August,Aug,8,2014,10,2014
02/08/2014,2,2,August,Aug,8,2014,10,2014
03/08/2014,3,3,August,Aug,8,2014,10,2014
04/08/2014,4,4,August,Aug,8,2014,10,2014
05/08/2014,5,5,August,Aug,8,2014,10,2014
06/08/2014,6,6,August,Aug,8,2014,10,2014
07/08/2014,7,7,August,Aug,8,2014,10,2014
08/08/2014,8,8,August,Aug,8,2014,10,2014
09/08/2014,9,9,August,Aug,8,2014,10,2014
10/08/2014,10,10,August,Aug,8,2014,10,2014
11/08/2014,11,11,August,Aug,8,2014,10,2014
12/08/2014,12,12,August,Aug,8,2014,10,2014
13/08/2014,13,13,August,Aug,8,2014,10,2014
14/08/2014,14,14,August,Aug,8,2014,10,2014
15/08/2014,15,15,August,Aug,8,2014,10,2014
16/08/2014,16,16,August,Aug,8,2014,10,2014
17/08/2014,17,17,August,Aug,8,2014,10,2014
18/08/2014,18,18,August,Aug,8,2014,10,2014
19/08/2014,19,19,August,Aug,8,2014,10,2014
20/08/2014,20,20,August,Aug,8,2014,10,2014
21/08/2014,21,21,August,Aug,8,2014,10,2014
22/08/2014,22,22,August,Aug,8,2014,10,2014
23/08/2014,23,23,August,Aug,8,2014,10,2014
24/08/2014,24,24,August,Aug,8,2014,10,2014
25/08/2014,25,25,August,Aug,8,2014,10,2014
26/08/2014,26,26,August,Aug,8,2014,10,2014
27/08/2014,27,27,August,Aug,8,2014,10,2014
28/08/2014,28,28,August,Aug,8,2014,10,2014
29/08/2014,29,29,August,Aug,8,2014,10,2014
30/08/2014,30,30,August,Aug,8,2014,10,2014
31/08/2014,31,31,August,Aug,8,2014,10,2014
01/09/2014,1,1,September,Sep,9,2014,11,2014
02/09/2014,2,2,September,Sep,9,2014,11,2014
03/09/2014,3,3,September,Sep,9,2014,11,2014
04/09/2014,4,4,September,Sep,9,2014,11,2014
05/09/2014,5,5,September,Sep,9,2014,11,2014
06/09/2014,6,6,September,Sep,9,2014,11,2014
07/09/2014,7,7,September,Sep,9,2014,11,2014
08/09/2014,8,8,September,Sep,9,2014,11,2014
09/09/2014,9,9,September,Sep,9,2014,11,2014
10/09/2014,10,10,September,Sep,9,2014,11,2014
11/09/2014,11,11,September,Sep,9,2014,11,2014
12/09/2014,12,12,September,Sep,9,2014,11,2014
13/09/2014,13,13,September,Sep,9,2014,11,2014
14/09/2014,14,14,September,Sep,9,2014,11,2014
15/09/2014,15,15,September,Sep,9,2014,11,2014
16/09/2014,16,16,September,Sep,9,2014,11,2014
17/09/2014,17,17,September,Sep,9,2014,11,2014
18/09/2014,18,18,September,Sep,9,2014,11,2014
19/09/2014,19,19,September,Sep,9,2014,11,2014
20/09/2014,20,20,September,Sep,9,2014,11,2014
21/09/2014,21,21,September,Sep,9,2014,11,2014
22/09/2014,22,22,September,Sep,9,2014,11,2014
23/09/2014,23,23,September,Sep,9,2014,11,2014
24/09/2014,24,24,September,Sep,9,2014,11,2014
25/09/2014,25,25,September,Sep,9,2014,11,2014
26/09/2014,26,26,September,Sep,9,2014,11,2014
27/09/2014,27,27,September,Sep,9,2014,11,2014
28/09/2014,28,28,September,Sep,9,2014,11,2014
29/09/2014,29,29,September,Sep,9,2014,11,2014
30/09/2014,30,30,September,Sep,9,2014,11,2014
01/10/2014,1,1,October,Oct,10,2014,12,2014
02/10/2014,2,2,October,Oct,10,2014,12,2014
03/10/2014,3,3,October,Oct,10,2014,12,2014
04/10/2014,4,4,October,Oct,10,2014,12,2014
05/10/2014,5,5,October,Oct,10,2014,12,2014
06/10/2014,6,6,October,Oct,10,2014,12,2014
07/10/2014,7,7,October,Oct,10,2014,12,2014
08/10/2014,8,8,October,Oct,10,2014,12,2014
09/10/2014,9,9,October,Oct,10,2014,12,2014
10/10/2014,10,10,October,Oct,10,2014,12,2014
11/10/2014,11,11,October,Oct,10,2014,12,2014
12/10/2014,12,12,October,Oct,10,2014,12,2014
13/10/2014,13,13,October,Oct,10,2014,12,2014
14/10/2014,14,14,October,Oct,10,2014,12,2014
15/10/2014,15,15,October,Oct,10,2014,12,2014
16/10/2014,16,16,October,Oct,10,2014,12,2014
17/10/2014,17,17,October,Oct,10,2014,12,2014
18/10/2014,18,18,October,Oct,10,2014,12,2014
19/10/2014,19,19,October,Oct,10,2014,12,2014
20/10/2014,20,20,October,Oct,10,2014,12,2014
21/10/2014,21,21,October,Oct,10,2014,12,2014
22/10/2014,22,22,October,Oct,10,2014,12,2014
23/10/2014,23,23,October,Oct,10,2014,12,2014
24/10/2014,24,24,October,Oct,10,2014,12,2014
25/10/2014,25,25,October,Oct,10,2014,12,2014
26/10/2014,26,26,October,Oct,10,2014,12,2014
27/10/2014,27,27,October,Oct,10,2014,12,2014
28/10/2014,28,28,October,Oct,10,2014,12,2014
29/10/2014,29,29,October,Oct,10,2014,12,2014
30/10/2014,30,30,October,Oct,10,2014,12,2014
31/10/2014,31,31,October,Oct,10,2014,12,2014
01/11/2014,1,1,November,Nov,11,2014,1,2015
02/11/2014,2,2,November,Nov,11,2014,1,2015
03/11/2014,3,3,November,Nov,11,2014,1,2015
04/11/2014,4,4,November,Nov,11,2014,1,2015
05/11/2014,5,5,November,Nov,11,2014,1,2015
06/11/2014,6,6,November,Nov,11,2014,1,2015
07/11/2014,7,7,November,Nov,11,2014,1,2015
08/11/2014,8,8,November,Nov,11,2014,1,2015
09/11/2014,9,9,November,Nov,11,2014,1,2015
10/11/2014,10,10,November,Nov,11,2014,1,2015
11/11/2014,11,11,November,Nov,11,2014,1,2015
12/11/2014,12,12,November,Nov,11,2014,1,2015
13/11/2014,13,13,November,Nov,11,2014,1,2015
14/11/2014,14,14,November,Nov,11,2014,1,2015
15/11/2014,15,15,November,Nov,11,2014,1,2015
16/11/2014,16,16,November,Nov,11,2014,1,2015
17/11/2014,17,17,November,Nov,11,2014,1,2015
18/11/2014,18,18,November,Nov,11,2014,1,2015
19/11/2014,19,19,November,Nov,11,2014,1,2015
20/11/2014,20,20,November,Nov,11,2014,1,2015
21/11/2014,21,21,November,Nov,11,2014,1,2015
22/11/2014,22,22,November,Nov,11,2014,1,2015
23/11/2014,23,23,November,Nov,11,2014,1,2015
24/11/2014,24,24,November,Nov,11,2014,1,2015
25/11/2014,25,25,November,Nov,11,2014,1,2015
26/11/2014,26,26,November,Nov,11,2014,1,2015
27/11/2014,27,27,November,Nov,11,2014,1,2015
28/11/2014,28,28,November,Nov,11,2014,1,2015
29/11/2014,29,29,November,Nov,11,2014,1,2015
30/11/2014,30,30,November,Nov,11,2014,1,2015
01/12/2014,1,1,December,Dec,12,2014,2,2015
02/12/2014,2,2,December,Dec,12,2014,2,2015
03/12/2014,3,3,December,Dec,12,2014,2,2015
04/12/2014,4,4,December,Dec,12,2014,2,2015
05/12/2014,5,5,December,Dec,12,2014,2,2015
06/12/2014,6,6,December,Dec,12,2014,2,2015
07/12/2014,7,7,December,Dec,12,2014,2,2015
08/12/2014,8,8,December,Dec,12,2014,2,2015
09/12/2014,9,9,December,Dec,12,2014,2,2015
10/12/2014,10,10,December,Dec,12,2014,2,2015
11/12/2014,11,11,December,Dec,12,2014,2,2015
12/12/2014,12,12,December,Dec,12,2014,2,2015
13/12/2014,13,13,December,Dec,12,2014,2,2015
14/12/2014,14,14,December,Dec,12,2014,2,2015
15/12/2014,15,15,December,Dec,12,2014,2,2015
16/12/2014,16,16,December,Dec,12,2014,2,2015
17/12/2014,17,17,December,Dec,12,2014,2,2015
18/12/2014,18,18,December,Dec,12,2014,2,2015
19/12/2014,19,19,December,Dec,12,2014,2,2015
20/12/2014,20,20,December,Dec,12,2014,2,2015
21/12/2014,21,21,December,Dec,12,2014,2,2015
22/12/2014,22,22,December,Dec,12,2014,2,2015
23/12/2014,23,23,December,Dec,12,2014,2,2015
24/12/2014,24,24,December,Dec,12,2014,2,2015
25/12/2014,25,25,December,Dec,12,2014,2,2015
26/12/2014,26,26,December,Dec,12,2014,2,2015
27/12/2014,27,27,December,Dec,12,2014,2,2015
28/12/2014,28,28,December,Dec,12,2014,2,2015
29/12/2014,29,29,December,Dec,12,2014,2,2015
30/12/2014,30,30,December,Dec,12,2014,2,2015
31/12/2014,31,31,December,Dec,12,2014,2,2015
01/01/2015,1,1,January,Jan,1,2015,3,2015
02/01/2015,2,2,January,Jan,1,2015,3,2015
03/01/2015,3,3,January,Jan,1,2015,3,2015
04/01/2015,4,4,January,Jan,1,2015,3,2015
05/01/2015,5,5,January,Jan,1,2015,3,2015
06/01/2015,6,6,January,Jan,1,2015,3,2015
07/01/2015,7,7,January,Jan,1,2015,3,2015
08/01/2015,8,8,January,Jan,1,2015,3,2015
09/01/2015,9,9,January,Jan,1,2015,3,2015
10/01/2015,10,10,January,Jan,1,2015,3,2015
11/01/2015,11,11,January,Jan,1,2015,3,2015
12/01/2015,12,12,January,Jan,1,2015,3,2015
13/01/2015,13,13,January,Jan,1,2015,3,2015
14/01/2015,14,14,January,Jan,1,2015,3,2015
15/01/2015,15,15,January,Jan,1,2015,3,2015
16/01/2015,16,16,January,Jan,1,2015,3,2015
17/01/2015,17,17,January,Jan,1,2015,3,2015
18/01/2015,18,18,January,Jan,1,2015,3,2015
19/01/2015,19,19,January,Jan,1,2015,3,2015
20/01/2015,20,20,January,Jan,1,2015,3,2015
21/01/2015,21,21,January,Jan,1,2015,3,2015
22/01/2015,22,22,January,Jan,1,2015,3,2015
23/01/2015,23,23,January,Jan,1,2015,3,2015
24/01/2015,24,24,January,Jan,1,2015,3,2015
25/01/2015,25,25,January,Jan,1,2015,3,2015
26/01/2015,26,26,January,Jan,1,2015,3,2015
27/01/2015,27,27,January,Jan,1,2015,3,2015
28/01/2015,28,28,January,Jan,1,2015,3,2015
29/01/2015,29,29,January,Jan,1,2015,3,2015
30/01/2015,30,30,January,Jan,1,2015,3,2015
31/01/2015,31,31,January,Jan,1,2015,3,2015
01/02/2015,1,1,February,Feb,2,2015,4,2015
02/02/2015,2,2,February,Feb,2,2015,4,2015
03/02/2015,3,3,February,Feb,2,2015,4,2015
04/02/2015,4,4,February,Feb,2,2015,4,2015
05/02/2015,5,5,February,Feb,2,2015,4,2015
06/02/2015,6,6,February,Feb,2,2015,4,2015
07/02/2015,7,7,February,Feb,2,2015,4,2015
08/02/2015,8,8,February,Feb,2,2015,4,2015
09/02/2015,9,9,February,Feb,2,2015,4,2015
10/02/2015,10,10,February,Feb,2,2015,4,2015
11/02/2015,11,11,February,Feb,2,2015,4,2015
12/02/2015,12,12,February,Feb,2,2015,4,2015
13/02/2015,13,13,February,Feb,2,2015,4,2015
14/02/2015,14,14,February,Feb,2,2015,4,2015
15/02/2015,15,15,February,Feb,2,2015,4,2015
16/02/2015,16,16,February,Feb,2,2015,4,2015
17/02/2015,17,17,February,Feb,2,2015,4,2015
18/02/2015,18,18,February,Feb,2,2015,4,2015
19/02/2015,19,19,February,Feb,2,2015,4,2015
20/02/2015,20,20,February,Feb,2,2015,4,2015
21/02/2015,21,21,February,Feb,2,2015,4,2015
22/02/2015,22,22,February,Feb,2,2015,4,2015
23/02/2015,23,23,February,Feb,2,2015,4,2015
24/02/2015,24,24,February,Feb,2,2015,4,2015
25/02/2015,25,25,February,Feb,2,2015,4,2015
26/02/2015,26,26,February,Feb,2,2015,4,2015
27/02/2015,27,27,February,Feb,2,2015,4,2015
28/02/2015,28,28,February,Feb,2,2015,4,2015
01/03/2015,1,1,March,Mar,3,2015,5,2015
02/03/2015,2,2,March,Mar,3,2015,5,2015
03/03/2015,3,3,March,Mar,3,2015,5,2015
04/03/2015,4,4,March,Mar,3,2015,5,2015
05/03/2015,5,5,March,Mar,3,2015,5,2015
06/03/2015,6,6,March,Mar,3,2015,5,2015
07/03/2015,7,7,March,Mar,3,2015,5,2015
08/03/2015,8,8,March,Mar,3,2015,5,2015
09/03/2015,9,9,March,Mar,3,2015,5,2015
10/03/2015,10,10,March,Mar,3,2015,5,2015
11/03/2015,11,11,March,Mar,3,2015,5,2015
12/03/2015,12,12,March,Mar,3,2015,5,2015
13/03/2015,13,13,March,Mar,3,2015,5,2015
14/03/2015,14,14,March,Mar,3,2015,5,2015
15/03/2015,15,15,March,Mar,3,2015,5,2015
16/03/2015,16,16,March,Mar,3,2015,5,2015
17/03/2015,17,17,March,Mar,3,2015,5,2015
18/03/2015,18,18,March,Mar,3,2015,5,2015
19/03/2015,19,19,March,Mar,3,2015,5,2015
20/03/2015,20,20,March,Mar,3,2015,5,2015
21/03/2015,21,21,March,Mar,3,2015,5,2015
22/03/2015,22,22,March,Mar,3,2015,5,2015
23/03/2015,23,23,March,Mar,3,2015,5,2015
24/03/2015,24,24,March,Mar,3,2015,5,2015
25/03/2015,25,25,March,Mar,3,2015,5,2015
26/03/2015,26,26,March,Mar,3,2015,5,2015
27/03/2015,27,27,March,Mar,3,2015,5,2015
28/03/2015,28,28,March,Mar,3,2015,5,2015
29/03/2015,29,29,March,Mar,3,2015,5,2015
30/03/2015,30,30,March,Mar,3,2015,5,2015
31/03/2015,31,31,March,Mar,3,2015,5,2015
01/04/2015,1,1,April,Apr,4,2015,6,2015
02/04/2015,2,2,April,Apr,4,2015,6,2015
03/04/2015,3,3,April,Apr,4,2015,6,2015
04/04/2015,4,4,April,Apr,4,2015,6,2015
05/04/2015,5,5,April,Apr,4,2015,6,2015
06/04/2015,6,6,April,Apr,4,2015,6,2015
07/04/2015,7,7,April,Apr,4,2015,6,2015
08/04/2015,8,8,April,Apr,4,2015,6,2015
09/04/2015,9,9,April,Apr,4,2015,6,2015
10/04/2015,10,10,April,Apr,4,2015,6,2015
11/04/2015,11,11,April,Apr,4,2015,6,2015
12/04/2015,12,12,April,Apr,4,2015,6,2015
13/04/2015,13,13,April,Apr,4,2015,6,2015
14/04/2015,14,14,April,Apr,4,2015,6,2015
15/04/2015,15,15,April,Apr,4,2015,6,2015
16/04/2015,16,16,April,Apr,4,2015,6,2015
17/04/2015,17,17,April,Apr,4,2015,6,2015
18/04/2015,18,18,April,Apr,4,2015,6,2015
19/04/2015,19,19,April,Apr,4,2015,6,2015
20/04/2015,20,20,April,Apr,4,2015,6,2015
21/04/2015,21,21,April,Apr,4,2015,6,2015
22/04/2015,22,22,April,Apr,4,2015,6,2015
23/04/2015,23,23,April,Apr,4,2015,6,2015
24/04/2015,24,24,April,Apr,4,2015,6,2015
25/04/2015,25,25,April,Apr,4,2015,6,2015
26/04/2015,26,26,April,Apr,4,2015,6,2015
27/04/2015,27,27,April,Apr,4,2015,6,2015
28/04/2015,28,28,April,Apr,4,2015,6,2015
29/04/2015,29,29,April,Apr,4,2015,6,2015
30/04/2015,30,30,April,Apr,4,2015,6,2015
01/05/2015,1,1,May,May,5,2015,7,2015
02/05/2015,2,2,May,May,5,2015,7,2015
03/05/2015,3,3,May,May,5,2015,7,2015
04/05/2015,4,4,May,May,5,2015,7,2015
05/05/2015,5,5,May,May,5,2015,7,2015
06/05/2015,6,6,May,May,5,2015,7,2015
07/05/2015,7,7,May,May,5,2015,7,2015
08/05/2015,8,8,May,May,5,2015,7,2015
09/05/2015,9,9,May,May,5,2015,7,2015
10/05/2015,10,10,May,May,5,2015,7,2015
11/05/2015,11,11,May,May,5,2015,7,2015
12/05/2015,12,12,May,May,5,2015,7,2015
13/05/2015,13,13,May,May,5,2015,7,2015
14/05/2015,14,14,May,May,5,2015,7,2015
15/05/2015,15,15,May,May,5,2015,7,2015
16/05/2015,16,16,May,May,5,2015,7,2015
17/05/2015,17,17,May,May,5,2015,7,2015
18/05/2015,18,18,May,May,5,2015,7,2015
19/05/2015,19,19,May,May,5,2015,7,2015
20/05/2015,20,20,May,May,5,2015,7,2015
21/05/2015,21,21,May,May,5,2015,7,2015
22/05/2015,22,22,May,May,5,2015,7,2015
23/05/2015,23,23,May,May,5,2015,7,2015
24/05/2015,24,24,May,May,5,2015,7,2015
25/05/2015,25,25,May,May,5,2015,7,2015
26/05/2015,26,26,May,May,5,2015,7,2015
27/05/2015,27,27,May,May,5,2015,7,2015
28/05/2015,28,28,May,May,5,2015,7,2015
29/05/2015,29,29,May,May,5,2015,7,2015
30/05/2015,30,30,May,May,5,2015,7,2015
31/05/2015,31,31,May,May,5,2015,7,2015
01/06/2015,1,1,June,Jun,6,2015,8,2015
02/06/2015,2,2,June,Jun,6,2015,8,2015
03/06/2015,3,3,June,Jun,6,2015,8,2015
04/06/2015,4,4,June,Jun,6,2015,8,2015
05/06/2015,5,5,June,Jun,6,2015,8,2015
06/06/2015,6,6,June,Jun,6,2015,8,2015
07/06/2015,7,7,June,Jun,6,2015,8,2015
08/06/2015,8,8,June,Jun,6,2015,8,2015
09/06/2015,9,9,June,Jun,6,2015,8,2015
10/06/2015,10,10,June,Jun,6,2015,8,2015
11/06/2015,11,11,June,Jun,6,2015,8,2015
12/06/2015,12,12,June,Jun,6,2015,8,2015
13/06/2015,13,13,June,Jun,6,2015,8,2015
14/06/2015,14,14,June,Jun,6,2015,8,2015
15/06/2015,15,15,June,Jun,6,2015,8,2015
16/06/2015,16,16,June,Jun,6,2015,8,2015
17/06/2015,17,17,June,Jun,6,2015,8,2015
18/06/2015,18,18,June,Jun,6,2015,8,2015
19/06/2015,19,19,June,Jun,6,2015,8,2015
20/06/2015,20,20,June,Jun,6,2015,8,2015
21/06/2015,21,21,June,Jun,6,2015,8,2015
22/06/2015,22,22,June,Jun,6,2015,8,2015
23/06/2015,23,23,June,Jun,6,2015,8,2015
24/06/2015,24,24,June,Jun,6,2015,8,2015
25/06/2015,25,25,June,Jun,6,2015,8,2015
26/06/2015,26,26,June,Jun,6,2015,8,2015
27/06/2015,27,27,June,Jun,6,2015,8,2015
28/06/2015,28,28,June,Jun,6,2015,8,2015
29/06/2015,29,29,June,Jun,6,2015,8,2015
30/06/2015,30,30,June,Jun,6,2015,8,2015
01/07/2015,1,1,July,Jul,7,2015,9,2015
02/07/2015,2,2,July,Jul,7,2015,9,2015
03/07/2015,3,3,July,Jul,7,2015,9,2015
04/07/2015,4,4,July,Jul,7,2015,9,2015
05/07/2015,5,5,July,Jul,7,2015,9,2015
06/07/2015,6,6,July,Jul,7,2015,9,2015
07/07/2015,7,7,July,Jul,7,2015,9,2015
08/07/2015,8,8,July,Jul,7,2015,9,2015
09/07/2015,9,9,July,Jul,7,2015,9,2015
10/07/2015,10,10,July,Jul,7,2015,9,2015
11/07/2015,11,11,July,Jul,7,2015,9,2015
12/07/2015,12,12,July,Jul,7,2015,9,2015
13/07/2015,13,13,July,Jul,7,2015,9,2015
14/07/2015,14,14,July,Jul,7,2015,9,2015
15/07/2015,15,15,July,Jul,7,2015,9,2015
16/07/2015,16,16,July,Jul,7,2015,9,2015
17/07/2015,17,17,July,Jul,7,2015,9,2015
18/07/2015,18,18,July,Jul,7,2015,9,2015
19/07/2015,19,19,July,Jul,7,2015,9,2015
20/07/2015,20,20,July,Jul,7,2015,9,2015
21/07/2015,21,21,July,Jul,7,2015,9,2015
22/07/2015,22,22,July,Jul,7,2015,9,2015
23/07/2015,23,23,July,Jul,7,2015,9,2015
24/07/2015,24,24,July,Jul,7,2015,9,2015
25/07/2015,25,25,July,Jul,7,2015,9,2015
26/07/2015,26,26,July,Jul,7,2015,9,2015
27/07/2015,27,27,July,Jul,7,2015,9,2015
28/07/2015,28,28,July,Jul,7,2015,9,2015
29/07/2015,29,29,July,Jul,7,2015,9,2015
30/07/2015,30,30,July,Jul,7,2015,9,2015
31/07/2015,31,31,July,Jul,7,2015,9,2015
01/08/2015,1,1,August,Aug,8,2015,10,2015
02/08/2015,2,2,August,Aug,8,2015,10,2015
03/08/2015,3,3,August,Aug,8,2015,10,2015
04/08/2015,4,4,August,Aug,8,2015,10,2015
05/08/2015,5,5,August,Aug,8,2015,10,2015
06/08/2015,6,6,August,Aug,8,2015,10,2015
07/08/2015,7,7,August,Aug,8,2015,10,2015
08/08/2015,8,8,August,Aug,8,2015,10,2015
09/08/2015,9,9,August,Aug,8,2015,10,2015
10/08/2015,10,10,August,Aug,8,2015,10,2015
11/08/2015,11,11,August,Aug,8,2015,10,2015
12/08/2015,12,12,August,Aug,8,2015,10,2015
13/08/2015,13,13,August,Aug,8,2015,10,2015
14/08/2015,14,14,August,Aug,8,2015,10,2015
15/08/2015,15,15,August,Aug,8,2015,10,2015
16/08/2015,16,16,August,Aug,8,2015,10,2015
17/08/2015,17,17,August,Aug,8,2015,10,2015
18/08/2015,18,18,August,Aug,8,2015,10,2015
19/08/2015,19,19,August,Aug,8,2015,10,2015
20/08/2015,20,20,August,Aug,8,2015,10,2015
21/08/2015,21,21,August,Aug,8,2015,10,2015
22/08/2015,22,22,August,Aug,8,2015,10,2015
23/08/2015,23,23,August,Aug,8,2015,10,2015
24/08/2015,24,24,August,Aug,8,2015,10,2015
25/08/2015,25,25,August,Aug,8,2015,10,2015
26/08/2015,26,26,August,Aug,8,2015,10,2015
27/08/2015,27,27,August,Aug,8,2015,10,2015
28/08/2015,28,28,August,Aug,8,2015,10,2015
29/08/2015,29,29,August,Aug,8,2015,10,2015
30/08/2015,30,30,August,Aug,8,2015,10,2015
31/08/2015,31,31,August,Aug,8,2015,10,2015
01/09/2015,1,1,September,Sep,9,2015,11,2015
02/09/2015,2,2,September,Sep,9,2015,11,2015
03/09/2015,3,3,September,Sep,9,2015,11,2015
04/09/2015,4,4,September,Sep,9,2015,11,2015
05/09/2015,5,5,September,Sep,9,2015,11,2015
06/09/2015,6,6,September,Sep,9,2015,11,2015
07/09/2015,7,7,September,Sep,9,2015,11,2015
08/09/2015,8,8,September,Sep,9,2015,11,2015
09/09/2015,9,9,September,Sep,9,2015,11,2015
10/09/2015,10,10,September,Sep,9,2015,11,2015
11/09/2015,11,11,September,Sep,9,2015,11,2015
12/09/2015,12,12,September,Sep,9,2015,11,2015
13/09/2015,13,13,September,Sep,9,2015,11,2015
14/09/2015,14,14,September,Sep,9,2015,11,2015
15/09/2015,15,15,September,Sep,9,2015,11,2015
16/09/2015,16,16,September,Sep,9,2015,11,2015
17/09/2015,17,17,September,Sep,9,2015,11,2015
18/09/2015,18,18,September,Sep,9,2015,11,2015
19/09/2015,19,19,September,Sep,9,2015,11,2015
20/09/2015,20,20,September,Sep,9,2015,11,2015
21/09/2015,21,21,September,Sep,9,2015,11,2015
22/09/2015,22,22,September,Sep,9,2015,11,2015
23/09/2015,23,23,September,Sep,9,2015,11,2015
24/09/2015,24,24,September,Sep,9,2015,11,2015
25/09/2015,25,25,September,Sep,9,2015,11,2015
26/09/2015,26,26,September,Sep,9,2015,11,2015
27/09/2015,27,27,September,Sep,9,2015,11,2015
28/09/2015,28,28,September,Sep,9,2015,11,2015
29/09/2015,29,29,September,Sep,9,2015,11,2015
30/09/2015,30,30,September,Sep,9,2015,11,2015
01/10/2015,1,1,October,Oct,10,2015,12,2015
02/10/2015,2,2,October,Oct,10,2015,12,2015
03/10/2015,3,3,October,Oct,10,2015,12,2015
04/10/2015,4,4,October,Oct,10,2015,12,2015
05/10/2015,5,5,October,Oct,10,2015,12,2015
06/10/2015,6,6,October,Oct,10,2015,12,2015
07/10/2015,7,7,October,Oct,10,2015,12,2015
08/10/2015,8,8,October,Oct,10,2015,12,2015
09/10/2015,9,9,October,Oct,10,2015,12,2015
10/10/2015,10,10,October,Oct,10,2015,12,2015
11/10/2015,11,11,October,Oct,10,2015,12,2015
12/10/2015,12,12,October,Oct,10,2015,12,2015
13/10/2015,13,13,October,Oct,10,2015,12,2015
14/10/2015,14,14,October,Oct,10,2015,12,2015
15/10/2015,15,15,October,Oct,10,2015,12,2015
16/10/2015,16,16,October,Oct,10,2015,12,2015
17/10/2015,17,17,October,Oct,10,2015,12,2015
18/10/2015,18,18,October,Oct,10,2015,12,2015
19/10/2015,19,19,October,Oct,10,2015,12,2015
20/10/2015,20,20,October,Oct,10,2015,12,2015
21/10/2015,21,21,October,Oct,10,2015,12,2015
22/10/2015,22,22,October,Oct,10,2015,12,2015
23/10/2015,23,23,October,Oct,10,2015,12,2015
24/10/2015,24,24,October,Oct,10,2015,12,2015
25/10/2015,25,25,October,Oct,10,2015,12,2015
26/10/2015,26,26,October,Oct,10,2015,12,2015
27/10/2015,27,27,October,Oct,10,2015,12,2015
28/10/2015,28,28,October,Oct,10,2015,12,2015
29/10/2015,29,29,October,Oct,10,2015,12,2015
30/10/2015,30,30,October,Oct,10,2015,12,2015
31/10/2015,31,31,October,Oct,10,2015,12,2015
01/11/2015,1,1,November,Nov,11,2015,1,2016
02/11/2015,2,2,November,Nov,11,2015,1,2016
03/11/2015,3,3,November,Nov,11,2015,1,2016
04/11/2015,4,4,November,Nov,11,2015,1,2016
05/11/2015,5,5,November,Nov,11,2015,1,2016
06/11/2015,6,6,November,Nov,11,2015,1,2016
07/11/2015,7,7,November,Nov,11,2015,1,2016
08/11/2015,8,8,November,Nov,11,2015,1,2016
09/11/2015,9,9,November,Nov,11,2015,1,2016
10/11/2015,10,10,November,Nov,11,2015,1,2016
11/11/2015,11,11,November,Nov,11,2015,1,2016
12/11/2015,12,12,November,Nov,11,2015,1,2016
13/11/2015,13,13,November,Nov,11,2015,1,2016
14/11/2015,14,14,November,Nov,11,2015,1,2016
15/11/2015,15,15,November,Nov,11,2015,1,2016
16/11/2015,16,16,November,Nov,11,2015,1,2016
17/11/2015,17,17,November,Nov,11,2015,1,2016
18/11/2015,18,18,November,Nov,11,2015,1,2016
19/11/2015,19,19,November,Nov,11,2015,1,2016
20/11/2015,20,20,November,Nov,11,2015,1,2016
21/11/2015,21,21,November,Nov,11,2015,1,2016
22/11/2015,22,22,November,Nov,11,2015,1,2016
23/11/2015,23,23,November,Nov,11,2015,1,2016
24/11/2015,24,24,November,Nov,11,2015,1,2016
25/11/2015,25,25,November,Nov,11,2015,1,2016
26/11/2015,26,26,November,Nov,11,2015,1,2016
27/11/2015,27,27,November,Nov,11,2015,1,2016
28/11/2015,28,28,November,Nov,11,2015,1,2016
29/11/2015,29,29,November,Nov,11,2015,1,2016
30/11/2015,30,30,November,Nov,11,2015,1,2016
01/12/2015,1,1,December,Dec,12,2015,2,2016
02/12/2015,2,2,December,Dec,12,2015,2,2016
03/12/2015,3,3,December,Dec,12,2015,2,2016
04/12/2015,4,4,December,Dec,12,2015,2,2016
05/12/2015,5,5,December,Dec,12,2015,2,2016
06/12/2015,6,6,December,Dec,12,2015,2,2016
07/12/2015,7,7,December,Dec,12,2015,2,2016
08/12/2015,8,8,December,Dec,12,2015,2,2016
09/12/2015,9,9,December,Dec,12,2015,2,2016
10/12/2015,10,10,December,Dec,12,2015,2,2016
11/12/2015,11,11,December,Dec,12,2015,2,2016
12/12/2015,12,12,December,Dec,12,2015,2,2016
13/12/2015,13,13,December,Dec,12,2015,2,2016
14/12/2015,14,14,December,Dec,12,2015,2,2016
15/12/2015,15,15,December,Dec,12,2015,2,2016
16/12/2015,16,16,December,Dec,12,2015,2,2016
17/12/2015,17,17,December,Dec,12,2015,2,2016
18/12/2015,18,18,December,Dec,12,2015,2,2016
19/12/2015,19,19,December,Dec,12,2015,2,2016
20/12/2015,20,20,December,Dec,12,2015,2,2016
21/12/2015,21,21,December,Dec,12,2015,2,2016
22/12/2015,22,22,December,Dec,12,2015,2,2016
23/12/2015,23,23,December,Dec,12,2015,2,2016
24/12/2015,24,24,December,Dec,12,2015,2,2016
25/12/2015,25,25,December,Dec,12,2015,2,2016
26/12/2015,26,26,December,Dec,12,2015,2,2016
27/12/2015,27,27,December,Dec,12,2015,2,2016
28/12/2015,28,28,December,Dec,12,2015,2,2016
29/12/2015,29,29,December,Dec,12,2015,2,2016
30/12/2015,30,30,December,Dec,12,2015,2,2016
31/12/2015,31,31,December,Dec,12,2015,2,2016
01/01/2016,1,1,January,Jan,1,2016,3,2016
02/01/2016,2,2,January,Jan,1,2016,3,2016
03/01/2016,3,3,January,Jan,1,2016,3,2016
04/01/2016,4,4,January,Jan,1,2016,3,2016
05/01/2016,5,5,January,Jan,1,2016,3,2016
06/01/2016,6,6,January,Jan,1,2016,3,2016
07/01/2016,7,7,January,Jan,1,2016,3,2016
08/01/2016,8,8,January,Jan,1,2016,3,2016
09/01/2016,9,9,January,Jan,1,2016,3,2016
10/01/2016,10,10,January,Jan,1,2016,3,2016
11/01/2016,11,11,January,Jan,1,2016,3,2016
12/01/2016,12,12,January,Jan,1,2016,3,2016
13/01/2016,13,13,January,Jan,1,2016,3,2016
14/01/2016,14,14,January,Jan,1,2016,3,2016
15/01/2016,15,15,January,Jan,1,2016,3,2016
16/01/2016,16,16,January,Jan,1,2016,3,2016
17/01/2016,17,17,January,Jan,1,2016,3,2016
18/01/2016,18,18,January,Jan,1,2016,3,2016
19/01/2016,19,19,January,Jan,1,2016,3,2016
20/01/2016,20,20,January,Jan,1,2016,3,2016
21/01/2016,21,21,January,Jan,1,2016,3,2016
22/01/2016,22,22,January,Jan,1,2016,3,2016
23/01/2016,23,23,January,Jan,1,2016,3,2016
24/01/2016,24,24,January,Jan,1,2016,3,2016
25/01/2016,25,25,January,Jan,1,2016,3,2016
26/01/2016,26,26,January,Jan,1,2016,3,2016
27/01/2016,27,27,January,Jan,1,2016,3,2016
28/01/2016,28,28,January,Jan,1,2016,3,2016
29/01/2016,29,29,January,Jan,1,2016,3,2016
30/01/2016,30,30,January,Jan,1,2016,3,2016
31/01/2016,31,31,January,Jan,1,2016,3,2016
01/02/2016,1,1,February,Feb,2,2016,4,2016
02/02/2016,2,2,February,Feb,2,2016,4,2016
03/02/2016,3,3,February,Feb,2,2016,4,2016
04/02/2016,4,4,February,Feb,2,2016,4,2016
05/02/2016,5,5,February,Feb,2,2016,4,2016
06/02/2016,6,6,February,Feb,2,2016,4,2016
07/02/2016,7,7,February,Feb,2,2016,4,2016
08/02/2016,8,8,February,Feb,2,2016,4,2016
09/02/2016,9,9,February,Feb,2,2016,4,2016
10/02/2016,10,10,February,Feb,2,2016,4,2016
11/02/2016,11,11,February,Feb,2,2016,4,2016
12/02/2016,12,12,February,Feb,2,2016,4,2016
13/02/2016,13,13,February,Feb,2,2016,4,2016
14/02/2016,14,14,February,Feb,2,2016,4,2016
15/02/2016,15,15,February,Feb,2,2016,4,2016
16/02/2016,16,16,February,Feb,2,2016,4,2016
17/02/2016,17,17,February,Feb,2,2016,4,2016
18/02/2016,18,18,February,Feb,2,2016,4,2016
19/02/2016,19,19,February,Feb,2,2016,4,2016
20/02/2016,20,20,February,Feb,2,2016,4,2016
21/02/2016,21,21,February,Feb,2,2016,4,2016
22/02/2016,22,22,February,Feb,2,2016,4,2016
23/02/2016,23,23,February,Feb,2,2016,4,2016
24/02/2016,24,24,February,Feb,2,2016,4,2016
25/02/2016,25,25,February,Feb,2,2016,4,2016
26/02/2016,26,26,February,Feb,2,2016,4,2016
27/02/2016,27,27,February,Feb,2,2016,4,2016
28/02/2016,28,28,February,Feb,2,2016,4,2016
29/02/2016,29,29,February,Feb,2,2016,4,2016
01/03/2016,1,1,March,Mar,3,2016,5,2016
02/03/2016,2,2,March,Mar,3,2016,5,2016
03/03/2016,3,3,March,Mar,3,2016,5,2016
04/03/2016,4,4,March,Mar,3,2016,5,2016
05/03/2016,5,5,March,Mar,3,2016,5,2016
06/03/2016,6,6,March,Mar,3,2016,5,2016
07/03/2016,7,7,March,Mar,3,2016,5,2016
08/03/2016,8,8,March,Mar,3,2016,5,2016
09/03/2016,9,9,March,Mar,3,2016,5,2016
10/03/2016,10,10,March,Mar,3,2016,5,2016
11/03/2016,11,11,March,Mar,3,2016,5,2016
12/03/2016,12,12,March,Mar,3,2016,5,2016
13/03/2016,13,13,March,Mar,3,2016,5,2016
14/03/2016,14,14,March,Mar,3,2016,5,2016
15/03/2016,15,15,March,Mar,3,2016,5,2016
16/03/2016,16,16,March,Mar,3,2016,5,2016
17/03/2016,17,17,March,Mar,3,2016,5,2016
18/03/2016,18,18,March,Mar,3,2016,5,2016
19/03/2016,19,19,March,Mar,3,2016,5,2016
20/03/2016,20,20,March,Mar,3,2016,5,2016
21/03/2016,21,21,March,Mar,3,2016,5,2016
22/03/2016,22,22,March,Mar,3,2016,5,2016
23/03/2016,23,23,March,Mar,3,2016,5,2016
24/03/2016,24,24,March,Mar,3,2016,5,2016
25/03/2016,25,25,March,Mar,3,2016,5,2016
26/03/2016,26,26,March,Mar,3,2016,5,2016
27/03/2016,27,27,March,Mar,3,2016,5,2016
28/03/2016,28,28,March,Mar,3,2016,5,2016
29/03/2016,29,29,March,Mar,3,2016,5,2016
30/03/2016,30,30,March,Mar,3,2016,5,2016
31/03/2016,31,31,March,Mar,3,2016,5,2016
01/04/2016,1,1,April,Apr,4,2016,6,2016
02/04/2016,2,2,April,Apr,4,2016,6,2016
03/04/2016,3,3,April,Apr,4,2016,6,2016
04/04/2016,4,4,April,Apr,4,2016,6,2016
05/04/2016,5,5,April,Apr,4,2016,6,2016
06/04/2016,6,6,April,Apr,4,2016,6,2016
07/04/2016,7,7,April,Apr,4,2016,6,2016
08/04/2016,8,8,April,Apr,4,2016,6,2016
09/04/2016,9,9,April,Apr,4,2016,6,2016
10/04/2016,10,10,April,Apr,4,2016,6,2016
11/04/2016,11,11,April,Apr,4,2016,6,2016
12/04/2016,12,12,April,Apr,4,2016,6,2016
13/04/2016,13,13,April,Apr,4,2016,6,2016
14/04/2016,14,14,April,Apr,4,2016,6,2016
15/04/2016,15,15,April,Apr,4,2016,6,2016
16/04/2016,16,16,April,Apr,4,2016,6,2016
17/04/2016,17,17,April,Apr,4,2016,6,2016
18/04/2016,18,18,April,Apr,4,2016,6,2016
19/04/2016,19,19,April,Apr,4,2016,6,2016
20/04/2016,20,20,April,Apr,4,2016,6,2016
21/04/2016,21,21,April,Apr,4,2016,6,2016
22/04/2016,22,22,April,Apr,4,2016,6,2016
23/04/2016,23,23,April,Apr,4,2016,6,2016
24/04/2016,24,24,April,Apr,4,2016,6,2016
25/04/2016,25,25,April,Apr,4,2016,6,2016
26/04/2016,26,26,April,Apr,4,2016,6,2016
27/04/2016,27,27,April,Apr,4,2016,6,2016
28/04/2016,28,28,April,Apr,4,2016,6,2016
29/04/2016,29,29,April,Apr,4,2016,6,2016
30/04/2016,30,30,April,Apr,4,2016,6,2016
01/05/2016,1,1,May,May,5,2016,7,2016
02/05/2016,2,2,May,May,5,2016,7,2016
03/05/2016,3,3,May,May,5,2016,7,2016
04/05/2016,4,4,May,May,5,2016,7,2016
05/05/2016,5,5,May,May,5,2016,7,2016
06/05/2016,6,6,May,May,5,2016,7,2016
07/05/2016,7,7,May,May,5,2016,7,2016
08/05/2016,8,8,May,May,5,2016,7,2016
09/05/2016,9,9,May,May,5,2016,7,2016
10/05/2016,10,10,May,May,5,2016,7,2016
11/05/2016,11,11,May,May,5,2016,7,2016
12/05/2016,12,12,May,May,5,2016,7,2016
13/05/2016,13,13,May,May,5,2016,7,2016
14/05/2016,14,14,May,May,5,2016,7,2016
15/05/2016,15,15,May,May,5,2016,7,2016
16/05/2016,16,16,May,May,5,2016,7,2016
17/05/2016,17,17,May,May,5,2016,7,2016
18/05/2016,18,18,May,May,5,2016,7,2016
19/05/2016,19,19,May,May,5,2016,7,2016
20/05/2016,20,20,May,May,5,2016,7,2016
21/05/2016,21,21,May,May,5,2016,7,2016
22/05/2016,22,22,May,May,5,2016,7,2016
23/05/2016,23,23,May,May,5,2016,7,2016
24/05/2016,24,24,May,May,5,2016,7,2016
25/05/2016,25,25,May,May,5,2016,7,2016
26/05/2016,26,26,May,May,5,2016,7,2016
27/05/2016,27,27,May,May,5,2016,7,2016
28/05/2016,28,28,May,May,5,2016,7,2016
29/05/2016,29,29,May,May,5,2016,7,2016
30/05/2016,30,30,May,May,5,2016,7,2016
31/05/2016,31,31,May,May,5,2016,7,2016
01/06/2016,1,1,June,Jun,6,2016,8,2016
02/06/2016,2,2,June,Jun,6,2016,8,2016
03/06/2016,3,3,June,Jun,6,2016,8,2016
04/06/2016,4,4,June,Jun,6,2016,8,2016
05/06/2016,5,5,June,Jun,6,2016,8,2016
06/06/2016,6,6,June,Jun,6,2016,8,2016
07/06/2016,7,7,June,Jun,6,2016,8,2016
08/06/2016,8,8,June,Jun,6,2016,8,2016
09/06/2016,9,9,June,Jun,6,2016,8,2016
10/06/2016,10,10,June,Jun,6,2016,8,2016
11/06/2016,11,11,June,Jun,6,2016,8,2016
12/06/2016,12,12,June,Jun,6,2016,8,2016
13/06/2016,13,13,June,Jun,6,2016,8,2016
14/06/2016,14,14,June,Jun,6,2016,8,2016
15/06/2016,15,15,June,Jun,6,2016,8,2016
16/06/2016,16,16,June,Jun,6,2016,8,2016
17/06/2016,17,17,June,Jun,6,2016,8,2016
18/06/2016,18,18,June,Jun,6,2016,8,2016
19/06/2016,19,19,June,Jun,6,2016,8,2016
20/06/2016,20,20,June,Jun,6,2016,8,2016
21/06/2016,21,21,June,Jun,6,2016,8,2016
22/06/2016,22,22,June,Jun,6,2016,8,2016
23/06/2016,23,23,June,Jun,6,2016,8,2016
24/06/2016,24,24,June,Jun,6,2016,8,2016
25/06/2016,25,25,June,Jun,6,2016,8,2016
26/06/2016,26,26,June,Jun,6,2016,8,2016
27/06/2016,27,27,June,Jun,6,2016,8,2016
28/06/2016,28,28,June,Jun,6,2016,8,2016
29/06/2016,29,29,June,Jun,6,2016,8,2016
30/06/2016,30,30,June,Jun,6,2016,8,2016
01/07/2016,1,1,July,Jul,7,2016,9,2016
02/07/2016,2,2,July,Jul,7,2016,9,2016
03/07/2016,3,3,July,Jul,7,2016,9,2016
04/07/2016,4,4,July,Jul,7,2016,9,2016
05/07/2016,5,5,July,Jul,7,2016,9,2016
06/07/2016,6,6,July,Jul,7,2016,9,2016
07/07/2016,7,7,July,Jul,7,2016,9,2016
08/07/2016,8,8,July,Jul,7,2016,9,2016
09/07/2016,9,9,July,Jul,7,2016,9,2016
10/07/2016,10,10,July,Jul,7,2016,9,2016
11/07/2016,11,11,July,Jul,7,2016,9,2016
12/07/2016,12,12,July,Jul,7,2016,9,2016
13/07/2016,13,13,July,Jul,7,2016,9,2016
14/07/2016,14,14,July,Jul,7,2016,9,2016
15/07/2016,15,15,July,Jul,7,2016,9,2016
16/07/2016,16,16,July,Jul,7,2016,9,2016
17/07/2016,17,17,July,Jul,7,2016,9,2016
18/07/2016,18,18,July,Jul,7,2016,9,2016
19/07/2016,19,19,July,Jul,7,2016,9,2016
20/07/2016,20,20,July,Jul,7,2016,9,2016
21/07/2016,21,21,July,Jul,7,2016,9,2016
22/07/2016,22,22,July,Jul,7,2016,9,2016
23/07/2016,23,23,July,Jul,7,2016,9,2016
24/07/2016,24,24,July,Jul,7,2016,9,2016
25/07/2016,25,25,July,Jul,7,2016,9,2016
26/07/2016,26,26,July,Jul,7,2016,9,2016
27/07/2016,27,27,July,Jul,7,2016,9,2016
28/07/2016,28,28,July,Jul,7,2016,9,2016
29/07/2016,29,29,July,Jul,7,2016,9,2016
30/07/2016,30,30,July,Jul,7,2016,9,2016
31/07/2016,31,31,July,Jul,7,2016,9,2016
01/08/2016,1,1,August,Aug,8,2016,10,2016
02/08/2016,2,2,August,Aug,8,2016,10,2016
03/08/2016,3,3,August,Aug,8,2016,10,2016
04/08/2016,4,4,August,Aug,8,2016,10,2016
05/08/2016,5,5,August,Aug,8,2016,10,2016
06/08/2016,6,6,August,Aug,8,2016,10,2016
07/08/2016,7,7,August,Aug,8,2016,10,2016
08/08/2016,8,8,August,Aug,8,2016,10,2016
09/08/2016,9,9,August,Aug,8,2016,10,2016
10/08/2016,10,10,August,Aug,8,2016,10,2016
11/08/2016,11,11,August,Aug,8,2016,10,2016
12/08/2016,12,12,August,Aug,8,2016,10,2016
13/08/2016,13,13,August,Aug,8,2016,10,2016
14/08/2016,14,14,August,Aug,8,2016,10,2016
15/08/2016,15,15,August,Aug,8,2016,10,2016
16/08/2016,16,16,August,Aug,8,2016,10,2016
17/08/2016,17,17,August,Aug,8,2016,10,2016
18/08/2016,18,18,August,Aug,8,2016,10,2016
19/08/2016,19,19,August,Aug,8,2016,10,2016
20/08/2016,20,20,August,Aug,8,2016,10,2016
21/08/2016,21,21,August,Aug,8,2016,10,2016
22/08/2016,22,22,August,Aug,8,2016,10,2016
23/08/2016,23,23,August,Aug,8,2016,10,2016
24/08/2016,24,24,August,Aug,8,2016,10,2016
25/08/2016,25,25,August,Aug,8,2016,10,2016
26/08/2016,26,26,August,Aug,8,2016,10,2016
27/08/2016,27,27,August,Aug,8,2016,10,2016
28/08/2016,28,28,August,Aug,8,2016,10,2016
29/08/2016,29,29,August,Aug,8,2016,10,2016
30/08/2016,30,30,August,Aug,8,2016,10,2016
31/08/2016,31,31,August,Aug,8,2016,10,2016
01/09/2016,1,1,September,Sep,9,2016,11,2016
02/09/2016,2,2,September,Sep,9,2016,11,2016
03/09/2016,3,3,September,Sep,9,2016,11,2016
04/09/2016,4,4,September,Sep,9,2016,11,2016
05/09/2016,5,5,September,Sep,9,2016,11,2016
06/09/2016,6,6,September,Sep,9,2016,11,2016
07/09/2016,7,7,September,Sep,9,2016,11,2016
08/09/2016,8,8,September,Sep,9,2016,11,2016
09/09/2016,9,9,September,Sep,9,2016,11,2016
10/09/2016,10,10,September,Sep,9,2016,11,2016
11/09/2016,11,11,September,Sep,9,2016,11,2016
12/09/2016,12,12,September,Sep,9,2016,11,2016
13/09/2016,13,13,September,Sep,9,2016,11,2016
14/09/2016,14,14,September,Sep,9,2016,11,2016
15/09/2016,15,15,September,Sep,9,2016,11,2016
16/09/2016,16,16,September,Sep,9,2016,11,2016
17/09/2016,17,17,September,Sep,9,2016,11,2016
18/09/2016,18,18,September,Sep,9,2016,11,2016
19/09/2016,19,19,September,Sep,9,2016,11,2016
20/09/2016,20,20,September,Sep,9,2016,11,2016
21/09/2016,21,21,September,Sep,9,2016,11,2016
22/09/2016,22,22,September,Sep,9,2016,11,2016
23/09/2016,23,23,September,Sep,9,2016,11,2016
24/09/2016,24,24,September,Sep,9,2016,11,2016
25/09/2016,25,25,September,Sep,9,2016,11,2016
26/09/2016,26,26,September,Sep,9,2016,11,2016
27/09/2016,27,27,September,Sep,9,2016,11,2016
28/09/2016,28,28,September,Sep,9,2016,11,2016
29/09/2016,29,29,September,Sep,9,2016,11,2016
30/09/2016,30,30,September,Sep,9,2016,11,2016
01/10/2016,1,1,October,Oct,10,2016,12,2016
02/10/2016,2,2,October,Oct,10,2016,12,2016
03/10/2016,3,3,October,Oct,10,2016,12,2016
04/10/2016,4,4,October,Oct,10,2016,12,2016
05/10/2016,5,5,October,Oct,10,2016,12,2016
06/10/2016,6,6,October,Oct,10,2016,12,2016
07/10/2016,7,7,October,Oct,10,2016,12,2016
08/10/2016,8,8,October,Oct,10,2016,12,2016
09/10/2016,9,9,October,Oct,10,2016,12,2016
10/10/2016,10,10,October,Oct,10,2016,12,2016
11/10/2016,11,11,October,Oct,10,2016,12,2016
12/10/2016,12,12,October,Oct,10,2016,12,2016
13/10/2016,13,13,October,Oct,10,2016,12,2016
14/10/2016,14,14,October,Oct,10,2016,12,2016
15/10/2016,15,15,October,Oct,10,2016,12,2016
16/10/2016,16,16,October,Oct,10,2016,12,2016
17/10/2016,17,17,October,Oct,10,2016,12,2016
18/10/2016,18,18,October,Oct,10,2016,12,2016
19/10/2016,19,19,October,Oct,10,2016,12,2016
20/10/2016,20,20,October,Oct,10,2016,12,2016
21/10/2016,21,21,October,Oct,10,2016,12,2016
22/10/2016,22,22,October,Oct,10,2016,12,2016
23/10/2016,23,23,October,Oct,10,2016,12,2016
24/10/2016,24,24,October,Oct,10,2016,12,2016
25/10/2016,25,25,October,Oct,10,2016,12,2016
26/10/2016,26,26,October,Oct,10,2016,12,2016
27/10/2016,27,27,October,Oct,10,2016,12,2016
28/10/2016,28,28,October,Oct,10,2016,12,2016
29/10/2016,29,29,October,Oct,10,2016,12,2016
30/10/2016,30,30,October,Oct,10,2016,12,2016
31/10/2016,31,31,October,Oct,10,2016,12,2016
01/11/2016,1,1,November,Nov,11,2016,1,2017
02/11/2016,2,2,November,Nov,11,2016,1,2017
03/11/2016,3,3,November,Nov,11,2016,1,2017
04/11/2016,4,4,November,Nov,11,2016,1,2017
05/11/2016,5,5,November,Nov,11,2016,1,2017
06/11/2016,6,6,November,Nov,11,2016,1,2017
07/11/2016,7,7,November,Nov,11,2016,1,2017
08/11/2016,8,8,November,Nov,11,2016,1,2017
09/11/2016,9,9,November,Nov,11,2016,1,2017
10/11/2016,10,10,November,Nov,11,2016,1,2017
11/11/2016,11,11,November,Nov,11,2016,1,2017
12/11/2016,12,12,November,Nov,11,2016,1,2017
13/11/2016,13,13,November,Nov,11,2016,1,2017
14/11/2016,14,14,November,Nov,11,2016,1,2017
15/11/2016,15,15,November,Nov,11,2016,1,2017
16/11/2016,16,16,November,Nov,11,2016,1,2017
17/11/2016,17,17,November,Nov,11,2016,1,2017
18/11/2016,18,18,November,Nov,11,2016,1,2017
19/11/2016,19,19,November,Nov,11,2016,1,2017
20/11/2016,20,20,November,Nov,11,2016,1,2017
21/11/2016,21,21,November,Nov,11,2016,1,2017
22/11/2016,22,22,November,Nov,11,2016,1,2017
23/11/2016,23,23,November,Nov,11,2016,1,2017
24/11/2016,24,24,November,Nov,11,2016,1,2017
25/11/2016,25,25,November,Nov,11,2016,1,2017
26/11/2016,26,26,November,Nov,11,2016,1,2017
27/11/2016,27,27,November,Nov,11,2016,1,2017
28/11/2016,28,28,November,Nov,11,2016,1,2017
29/11/2016,29,29,November,Nov,11,2016,1,2017
30/11/2016,30,30,November,Nov,11,2016,1,2017
01/12/2016,1,1,December,Dec,12,2016,2,2017
02/12/2016,2,2,December,Dec,12,2016,2,2017
03/12/2016,3,3,December,Dec,12,2016,2,2017
04/12/2016,4,4,December,Dec,12,2016,2,2017
05/12/2016,5,5,December,Dec,12,2016,2,2017
06/12/2016,6,6,December,Dec,12,2016,2,2017
07/12/2016,7,7,December,Dec,12,2016,2,2017
08/12/2016,8,8,December,Dec,12,2016,2,2017
09/12/2016,9,9,December,Dec,12,2016,2,2017
10/12/2016,10,10,December,Dec,12,2016,2,2017
11/12/2016,11,11,December,Dec,12,2016,2,2017
12/12/2016,12,12,December,Dec,12,2016,2,2017
13/12/2016,13,13,December,Dec,12,2016,2,2017
14/12/2016,14,14,December,Dec,12,2016,2,2017
15/12/2016,15,15,December,Dec,12,2016,2,2017
16/12/2016,16,16,December,Dec,12,2016,2,2017
17/12/2016,17,17,December,Dec,12,2016,2,2017
18/12/2016,18,18,December,Dec,12,2016,2,2017
19/12/2016,19,19,December,Dec,12,2016,2,2017
20/12/2016,20,20,December,Dec,12,2016,2,2017
21/12/2016,21,21,December,Dec,12,2016,2,2017
22/12/2016,22,22,December,Dec,12,2016,2,2017
23/12/2016,23,23,December,Dec,12,2016,2,2017
24/12/2016,24,24,December,Dec,12,2016,2,2017
25/12/2016,25,25,December,Dec,12,2016,2,2017
26/12/2016,26,26,December,Dec,12,2016,2,2017
27/12/2016,27,27,December,Dec,12,2016,2,2017
28/12/2016,28,28,December,Dec,12,2016,2,2017
29/12/2016,29,29,December,Dec,12,2016,2,2017
30/12/2016,30,30,December,Dec,12,2016,2,2017
31/12/2016,31,31,December,Dec,12,2016,2,2017
